Name,Glyph,Character,Filled?,Small?,Filled+Small?,Unicode,Aliases,Aliases (zh),Category,Tags
grinning-face-with-big-eyes,smilingFaceWithOpenMouth,ğŸ˜ƒ,,,,U+1F603,,,face,
grinning-face-with-smiling-eyes,smilingFaceWithOpenMouthAndSmilingEyes,ğŸ˜„,,,,U+1F604,,,face,
grinning-face-with-sweat,smilingFaceWithOpenMouthAndColdSweat,ğŸ˜…,,,,U+1F605,,,face,
face-with-tears-of-joy,faceWithTearsOfJoy,ğŸ˜‚,,,,U+1F602,,,face,
slightly-smiling-face,slightlySmilingFace,ğŸ™‚,x,x,x,U+1F642,,,face,
upside-down-face,upsideDownFace,ğŸ™ƒ,x,x,x,U+1F643,,,face,
melting-face,u1FAE0,ğŸ« ,,,,U+1FAE0,,,face,
winking-face,winkingFace,ğŸ˜‰,,,,U+1F609,,,face,
smiling-face-with-heart-eyes,smilingFaceWithHeartShapedEyes,ğŸ˜,,,,U+1F60D,,,face,
star-struck,grinningFaceWithStarEyes,ğŸ¤©,,,,U+1F929,,,face,
face-blowing-a-kiss,faceThrowingAKiss,ğŸ˜˜,,,,U+1F618,,,face,
face-savoring-food,faceSavouringDeliciousFood,ğŸ˜‹,,,,U+1F60B,,,face,
zany-face,grinningfacewithonelargeandoneeye,ğŸ¤ª,,,,U+1F92A,,,face,
squinting-face-with-tongue,faceWithStuckOutTongueAndTightlyClosedEyes,ğŸ˜,,,,U+1F61D,,,face,
money-mouth-face,moneyMouthFace,ğŸ¤‘,,,,U+1F911,,,face,
thinking-face,thinkingFace,ğŸ¤”,,,,U+1F914,,,face,
bye-face,byeFace,,,,,,,,face,
palm-face,palmFace,,,,,,,,face,
peek-face,peekFace,,,,,,,,face,
thumb-up-face,thumbUpFace,,,,,,,,face,
zipper-mouth-face,zipperMouthFace,ğŸ¤,,,,U+1F910,,,face,
neutral-face,neutralFace,ğŸ˜,,,,U+1F610,,,face,
expressionless-face,expressionlessFace,ğŸ˜‘,,,,U+1F611,,,face,
dotted-line-face,u1FAE5,ğŸ«¥,,x,,U+1FAE5,,,face,
smirking-face,smirkingFace,ğŸ˜,,,,U+1F60F,,,face,
face-squint-smile,squintSmilingFace,,,x,,,,,face,
face-exhaling,faceWithOpenMouth_zerowidthjoiner_dashSymbol,ğŸ˜®â€ğŸ’¨,,,,U+1F62E U+200D U+1F4A8,,,face,
question-face,questionFace,,,,,,,,face,
question-large-face,largeQuestionFace,,,,,,,,face,
eating-melon,faceEatingMelon,,,,,,,,face,
sleeping-face,sleepingFace,ğŸ˜´,,,,U+1F634,,,face,
face-with-medical-mask,faceWithMedicalMask,ğŸ˜·,,,,U+1F637,,,face,
face-with-head-bandage,faceWithHeadBandage,ğŸ¤•,,,,U+1F915,,,face,
face-vomiting,faceWithOpenMouthVomiting,ğŸ¤®,,,,U+1F92E,,,face,
face-with-crossed-out-eyes,dizzyFace,ğŸ˜µ,,,,U+1F635,,,face,
exploding-head,shockedFaceWithExplodingHead,ğŸ¤¯,,,,U+1F92F,,,face,
face-split,faceSplit,,,,,,,,face,
partying-face,faceWithPartyHornAndPartyHat,ğŸ¥³,,,,U+1F973,,,face,
nerd-face,nerdFace,ğŸ¤“,,,,U+1F913,,,face,
face-with-diagonal-mouth,u1FAE4,ğŸ«¤,,,,U+1FAE4,,,face,
slightly-frowning-face,slightlyFrowningFace,ğŸ™,x,x,x,U+1F641,,,face,
astonished-face,astonishedFace,ğŸ˜²,,,,U+1F632,,,face,
pleading-face,faceWithPleadingEyes,ğŸ¥º,,,,U+1F97A,,,face,
loudly-crying-face,loudlyCryingFace,ğŸ˜­,,,,U+1F62D,,,face,
face-screaming-in-fear,faceScreamingInFear,ğŸ˜±,,,,U+1F631,,,face,
downcast-face-with-sweat,faceWithColdSweat,ğŸ˜“,,,,U+1F613,,,face,
cursing-face,cursingFace,,,,,,,,face,
skull,skull,ğŸ’€,,,,U+1F480,,,face,
pile-of-poo,pileOfPoo,ğŸ’©,,,,U+1F4A9,,,face,
ghost,ghost,ğŸ‘»,,,,U+1F47B,,,face,
alien,extraterrestrialAlien,ğŸ‘½,,,,U+1F47D,,,face,
alien-monster,alienMonster,ğŸ‘¾,,x,,U+1F47E,,,face,
robot,robotFace,ğŸ¤–,,,,U+1F916,,,face,
robot-alt,robot,,x,,,,,,face,
doge,doge,,,x,,,,,face,
raised-back-of-hand,raisedBackOfHand,ğŸ¤š,,x,,U+1F91A,,,hand,
raised-hand,raisedHand,âœ‹,,x,,U+270B,,,hand,
ok-hand,okHandSign,ğŸ‘Œ,,x,,U+1F44C,,,hand,
victory-hand,victoryHand,âœŒ,,,,U+270C,,,hand,
backhand-index-pointing-left,whiteLeftBackhandIndex,ğŸ‘ˆ,,,,U+1F448,,,hand,
backhand-index-pointing-right,whiteRightBackhandIndex,ğŸ‘‰,,,,U+1F449,,,hand,
backhand-index-pointing-up,whiteUpBackhandIndex,ğŸ‘†,,,,U+1F446,,,hand,
backhand-index-pointing-down,whiteDownBackhandIndex,ğŸ‘‡,,,,U+1F447,,,hand,
thumbs-up,thumbsUpSign,ğŸ‘,x,,,U+1F44D,,,hand,
oncoming-fist,fistedHandSign,ğŸ‘Š,,,,U+1F44A,,,hand,
clapping-hands,clappingHandsSign,ğŸ‘,,,,U+1F44F,,,hand,
handshake,handshake,ğŸ¤,,,,U+1F91D,,,hand,
folded-hands,personWithFoldedHands,ğŸ™,x,,,U+1F64F,,,hand,
fist-palm-salute,fistPalmSalute,,,,,,,,hand,
writing-hand,writingHand,âœ,,,,U+270D,,,hand,
eye,eye,ğŸ‘,,x,,U+1F441,,,body,
mouth,mouth,ğŸ‘„,,,,U+1F444,,,body,
boy,boy,ğŸ‘¦,x,x,x,U+1F466,,,person,
girl,girl,ğŸ‘§,x,x,x,U+1F467,,,person,
person,adult,ğŸ§‘,x,x,x,U+1F9D1,,,person,
person-gesturing-no,faceWithNoGoodGesture,ğŸ™…,,,,U+1F645,,,person,
person-gesturing-ok,faceWithOkGesture,ğŸ™†,,,,U+1F646,,,person,
person-tipping-hand,informationDeskPerson,ğŸ’,,,,U+1F481,,,person,
person-raising-hand,happyPersonRaisingOneHand,ğŸ™‹,,,,U+1F64B,,,person,
person-shrugging,shrug,ğŸ¤·,,,,U+1F937,,,person,
dog-face,dogFace,ğŸ¶,,,,U+1F436,,,animal,
cat-face,catFace,ğŸ±,,x,,U+1F431,,,animal,
tiger-face,tigerFace,ğŸ¯,,,,U+1F42F,,,animal,
horse-face,horseFace,ğŸ´,,,,U+1F434,,,animal,
cow-face,cowFace,ğŸ®,,,,U+1F42E,,,animal,
pig-face,pigFace,ğŸ·,,,,U+1F437,,,animal,
rabbit-face,rabbitFace,ğŸ°,,,,U+1F430,,,animal,
bird,bird,ğŸ¦,x,,,U+1F426,,,animal,
swan,swan,ğŸ¦¢,,,,U+1F9A2,,,animal,
java-sparrow-white,javaSparrowWhite,,,,,,,,animal,
java-sparrow-silver,javaSparrowSilver,,,,,,,,animal,
frog,frogFace,ğŸ¸,,,,U+1F438,,,animal,
turtle,turtle,ğŸ¢,,,,U+1F422,,,animal,
dragon-face,dragonFace,ğŸ²,,,,U+1F432,,,animal,
t-rex,tRex,ğŸ¦–,x,x,x,U+1F996,,,animal,
spouting-whale,spoutingWhale,ğŸ³,,,,U+1F433,,,animal,
fish,fish,ğŸŸ,,,,U+1F41F,,,animal,
shark,shark,ğŸ¦ˆ,,,,U+1F988,,,animal,
octopus,octopus,ğŸ™,,,,U+1F419,,,animal,
crab,crab,ğŸ¦€,,,,U+1F980,,,animal,
bug,bug,ğŸ›,,,,U+1F41B,,,animal,
spider,spider,ğŸ•·,,,,U+1F577,,,animal,
microbe,microbe,ğŸ¦ ,,,,U+1F9A0,,,animal,
cherry-blossom,cherryBlossom,ğŸŒ¸,,,,U+1F338,,,plant,
rose,rose,ğŸŒ¹,,,,U+1F339,,,plant,
wilted-flower,wiltedFlower,ğŸ¥€,,,,U+1F940,,,plant,
hibiscus,hibiscus,ğŸŒº,,,,U+1F33A,,,plant,
sunflower,sunflower,ğŸŒ»,,,,U+1F33B,,,plant,
seedling,seedling,ğŸŒ±,,,,U+1F331,,,plant,
potted-plant,pottedPlant,ğŸª´,,,,U+1FAB4,,,plant,
evergreen-tree,evergreenTree,ğŸŒ²,,,,U+1F332,,,plant,
deciduous-tree,deciduousTree,ğŸŒ³,,,,U+1F333,,,plant,
palm-tree,palmTree,ğŸŒ´,,,,U+1F334,,,plant,
herb,herb,ğŸŒ¿,,,,U+1F33F,,,plant,
shamrock,shamrock,â˜˜,,,,U+2618,,,plant,
four-leaf-clover,fourLeafClover,ğŸ€,,,,U+1F340,,,plant,
grapes,grapes,ğŸ‡,,,,U+1F347,,,fruit,
watermelon,watermelon,ğŸ‰,,,,U+1F349,,,fruit,
tangerine,tangerine,ğŸŠ,,,,U+1F34A,,,fruit,
lemon,lemon,ğŸ‹,,,,U+1F34B,,,fruit,
banana,banana,ğŸŒ,,,,U+1F34C,,,fruit,
pineapple,pineapple,ğŸ,,,,U+1F34D,,,fruit,
mango,mango,ğŸ¥­,,,,U+1F96D,,,fruit,
red-apple,redApple,ğŸ,,x,,U+1F34E,,,fruit,
pear,pear,ğŸ,,,,U+1F350,,,fruit,
peach,peach,ğŸ‘,,,,U+1F351,,,fruit,
cherries,cherries,ğŸ’,x,x,,U+1F352,,,fruit,
strawberry,strawberry,ğŸ“,,,,U+1F353,,,fruit,
tomato,tomato,ğŸ…,,,,U+1F345,,,fruit,
coconut,coconut,ğŸ¥¥,,,,U+1F965,,,fruit,
carrot,carrot,ğŸ¥•,,,,U+1F955,,,vegetable,
leafy-green,leafyGreen,ğŸ¥¬,,,,U+1F96C,,,vegetable,
onion,onion,ğŸ§…,,,,U+1F9C5,,,vegetable,
mushroom,mushroom,ğŸ„,,,,U+1F344,,,vegetable,
chestnut,chestnut,ğŸŒ°,,,,U+1F330,,,vegetable,
bread,bread,ğŸ,,,,U+1F35E,,,food,
poultry-leg,poultryLeg,ğŸ—,x,,,U+1F357,,,food,
hamburger,hamburger,ğŸ”,,x,,U+1F354,,,food,
pizza,sliceOfPizza,ğŸ•,,,,U+1F355,,,food,
sandwich,sandwich,ğŸ¥ª,,,,U+1F96A,,,food,
cooked-rice,cookedRice,ğŸš,,,,U+1F35A,,,food,
steaming-bowl,steamingBowl,ğŸœ,,,,U+1F35C,,,food,
roasted-sweet-potato,roastedSweetPotato,ğŸ ,,,,U+1F331,,,food,
soft-ice-cream,softIceCream,ğŸ¦,,,,U+1F366,,,food,
cookie,cookie,ğŸª,x,,,U+1F36A,,,food,
birthday-cake,birthdayCake,ğŸ‚,,,,U+1F382,,,food,
shortcake,shortcake,ğŸ°,,,,U+1F370,,,food,
hot-beverage,hotBeverage,â˜•,,,,U+2615,,,food,
wine-glass,wineGlass,ğŸ·,x,,,U+1F377,,,food,
beer-mug,beerMug,ğŸº,,,,U+1F37A,,,food,
cup-with-straw,cupWithStraw,ğŸ¥¤,x,,,U+1F964,,,food,
milk-package,milkPackage,,,x,,,,,food,
fork-and-knife,forkAndKnife,ğŸ´,,,,U+1F374,,,food,
fork,fork,,,,,,,,food,
kitchen-knife,hocho,ğŸ”ª,x,x,x,U+1F52A,,,food,
jar,u1FAD9,ğŸ«™,,,,U+1FAD9,,,food,
globe-showing-asia-australia,earthGlobeAsiaAustralia,ğŸŒ,,,,U+1F30F,,,place,
globe-with-meridians,globeMeridians,ğŸŒ,,x,,U+1F310,,,place,
snow-capped-mountain,snowCappedMountain,ğŸ”,,,,U+1F3D4,,,place,
mountain,mountain,â›°,,,,U+26F0,,,place,
volcano,volcano,ğŸŒ‹,,,,U+1F30B,,,place,
desert-island,desertIsland,ğŸ,,,,U+1F3DD,,,place,
building-construction,buildingConstruction,ğŸ—,,,,U+1F3D7,,,place,
houses,houseBuildings,ğŸ˜,,x,,U+1F3D8,,,place,
house,houseBuilding,ğŸ ,,x,,U+1F3E0,,,place,
factory,factory,ğŸ­,,x,,U+1F3ED,,,place,
shinto-shrine,shintoShrine,â›©,,,,U+26E9,,,place,
tent,tent,â›º,,,,U+26FA,,,place,
ferris-wheel,ferrisWheel,ğŸ¡,,,,U+1F3A1,,,place,
locomotive,steamLocomotive,ğŸš‚,,,,U+1F682,,,transport,
railway-car,railwayCar,ğŸšƒ,,,,U+1F683,,,transport,
high-speed-train,highSpeedTrain,ğŸš„,,,,U+1F684,,,transport,
train,train,ğŸš†,,x,,U+1F686,,,transport,
metro,metro,ğŸš‡,,,,U+1F687,,,transport,
light-rail,lightRail,ğŸšˆ,,,,U+1F688,,,transport,
bus,bus,ğŸšŒ,,,,U+1F68C,,,transport,
bus-alt,bus.alt,,,,,,,,transport,
trolleybus,trolleybus,ğŸš,,,,U+1F68E,,,transport,
automobile,automobile,ğŸš—,x,x,,U+1F697,,,transport,
truck,deliveryTruck,ğŸšš,x,x,x,U+1F69A,,,transport,
anchor,anchor,âš“,,x,,U+2693,,,transport,
ship,ship,ğŸš¢,,,,U+1F6A2,,,transport,
airplane,airplane,âœˆ,,,,U+2708,,,transport,
helicopter,helicopter,ğŸš,,,,U+1F681,,,transport,
suspension-railway,suspensionRailway,ğŸšŸ,,,,U+1F69F,,,transport,
satellite,satellite,ğŸ›°,,,,U+1F6F0,,,transport,
rocket,rocket,ğŸš€,,,,U+1F680,,,transport,
flying-saucer,flyingSaucer,ğŸ›¸,,,,U+1F6F8,,,transport,
hourglass-done,hourglass,âŒ›,,,,U+231B,,,time,
hourglass-not-done,hourglassWithFlowingSand,â³,,,,U+23F3,,,time,
watch,watch,âŒš,,,,U+231A,,,time,
alarm-clock,alarmClock,â°,x,,x,U+23F0,,,time,
stopwatch,stopwatch,â±,x,,x,U+23F1,,,time,
clock,clock,,x,,x,,,,time,
new-moon,newMoonSymbol,ğŸŒ‘,,,,U+1F311,,,weather,
waxing-crescent-moon,waxingCrescentMoonSymbol,ğŸŒ’,,,,U+1F312,,,weather,
first-quarter-moon,firstQuarterMoonSymbol,ğŸŒ“,,,,U+1F313,,,weather,
waxing-gibbous-moon,waxingGibbousMoonSymbol,ğŸŒ”,,,,U+1F314,,,weather,
full-moon,fullMoonSymbol,ğŸŒ•,,,,U+1F315,,,weather,
waning-gibbous-moon,waningGibbousMoonSymbol,ğŸŒ–,,,,U+1F316,,,weather,
last-quarter-moon,lastQuarterMoonSymbol,ğŸŒ—,,,,U+1F317,,,weather,
waning-crescent-moon,waningCrescentMoonSymbol,ğŸŒ˜,,,,U+1F318,,,weather,
crescent-moon,crescentMoon,ğŸŒ™,x,x,x,U+1F319,,,weather,
thermometer,thermometer,ğŸŒ¡,,,,U+1F321,,,weather,
sun,blackSunWithRays,â˜€,x,x,x,U+2600,,,weather,
star,whiteMediumStar,â­,x,x,x,U+2B50,,,weather,
glowing-star,glowingStar,ğŸŒŸ,,,,U+1F31F,,,weather,
cloud,cloud,â˜,,,,U+2601,,,weather,
umbrella,umbrella,â˜‚,,,,U+2602,,,weather,
umbrella-on-ground,umbrellaOnGround,â›±,,,,U+26F1,,,weather,
high-voltage,highVoltageSign,âš¡,,,,U+26A1,,,weather,
snowflake,snowflake,â„,,,,U+2744,,,weather,
fire,fire,ğŸ”¥,,x,,U+1F525,,,weather,
droplet,droplet,ğŸ’§,,,,U+1F4A7,,,weather,
christmas-tree,christmasTree,ğŸ„,,,,U+1F384,,,event,
sparkles,sparkles,âœ¨,,,,U+2728,,,event,
balloon,balloon,ğŸˆ,x,,,U+1F388,,,event,
party-popper,partyPopper,ğŸ‰,,x,,U+1F389,,,event,
confetti-ball,confettiBall,ğŸŠ,,,,U+1F38A,,,event,
ribbon,ribbon,ğŸ€,,,,U+1F380,,,event,
wrapped-gift,wrappedPresent,ğŸ,,,,U+1F381,,,event,
trophy,trophy,ğŸ†,,,,U+1F3C6,,,event,
podium,podium,,,,,,,,event,
ping-pong,tableTennisPaddleAndBall,ğŸ“,,,,U+1F3D3,,,game,
kite,kite,ğŸª,,,,U+1FA81,,,game,
magic-wand,magicWand,ğŸª„,,,,U+1FA84,,,game,
video-game,videoGame,ğŸ®,x,x,,U+1F3AE,,,game,
joystick,joystick,ğŸ•¹,,,,U+1F579,,,game,
slot-machine,slotMachine,ğŸ°,,,,U+1F3B0,,,game,
game-die,gameDie,ğŸ²,,x,,U+1F3B2,,,game,
die-face-1,dieFace1,âš€,x,x,x,U+2680,,,game,
die-face-2,dieFace2,âš,x,x,x,U+2681,,,game,
die-face-3,dieFace3,âš‚,x,x,x,U+2682,,,game,
die-face-4,dieFace4,âšƒ,x,x,x,U+2683,,,game,
die-face-5,dieFace5,âš„,x,x,x,U+2684,,,game,
die-face-6,dieFace6,âš…,x,x,x,U+2685,,,game,
puzzle-piece,jigsawPuzzlePiece,ğŸ§©,,x,,U+1F9E9,,,game,
jigsaw-puzzle,jigsawPuzzle,,,,,,,,game,
joker,blackJokerCards,ğŸƒ,,,,U+1F0CF,,,game,
artist-palette,artistPalette,ğŸ¨,,,,U+1F3A8,,,art,
brush,brush,,,,,,,,art,
glasses,eyeglasses,ğŸ‘“,,,,U+1F453,,,clothing,
t-shirt,tShirt,ğŸ‘•,,,,U+1F455,,,clothing,
jeans,jeans,ğŸ‘–,,,,U+1F456,,,clothing,
dress,dress,ğŸ‘—,,,,U+1F457,,,clothing,
shorts,shorts,ğŸ©³,,,,U+1FA73,,,clothing,
high-heeled-shoe,highHeeledShoe,ğŸ‘ ,,,,U+1F460,,,clothing,
womans-boot,womansBoots,ğŸ‘¢,,,,U+1F462,,,clothing,
crown,crown,ğŸ‘‘,,,,U+1F451,,,clothing,
womans-hat,womansHat,ğŸ‘’,,,,U+1F452,,,clothing,
top-hat,topHat,ğŸ©,,x,,U+1F3A9,,,clothing,
graduation-cap,graduationCap,ğŸ“,,,,U+1F393,,,clothing,
billed-cap,billedCap,ğŸ§¢,,x,,U+1F9E2,,,clothing,
gem-stone,gemStone,ğŸ’,,,,U+1F48E,,,clothing,
muted-speaker,speakerWithCancellationStroke,ğŸ”‡,,,,U+1F507,,,music,
speaker-low-volume,speaker,ğŸ”ˆ,,,,U+1F508,,,music,
speaker-medium-volume,speakerWithOneSoundWave,ğŸ”‰,,,,U+1F509,,,music,
speaker-high-volume,speakerWithThreeSoundWaves,ğŸ”Š,,,,U+1F50A,,,music,
loudspeaker,publicAddressLoudspeaker,ğŸ“¢,,x,,U+1F4E2,,,music,
bell,bell,ğŸ””,x,,,U+1F514,,,music,
bell-with-slash,bellWithCancellationStroke,ğŸ”•,x,,,U+1F515,,,music,
musical-score,musicalScore,ğŸ¼,,,,U+1F3BC,,,music,
musical-note,musicalNote,ğŸµ,,x,,U+1F3B5,,,music,
musical-notes,multipleMusicalNotes,ğŸ¶,,,,U+1F3B6,,,music,
microphone,microphone,ğŸ¤,x,,,U+1F3A4,,,music,
headphone,headphone,ğŸ§,x,,,U+1F3A7,,,music,
saxophone,saxophone,ğŸ·,x,,,U+1F3B7,,,music,
accordion,accordion,ğŸª—,,,,U+1FA97,,,music,
guitar,guitar,ğŸ¸,,,,U+1F3B8,,,music,
musical-keyboard,musicalKeyboard,ğŸ¹,x,,,U+1F3B9,,,music,
trumpet,trumpet,ğŸº,,,,U+1F3BA,,,music,
violin,violin,ğŸ»,,,,U+1F3BB,,,music,
banjo,banjo,ğŸª•,,,,U+1FA95,,,music,
drum,drumWithDrumsticks,ğŸ¥,,,,U+1F941,,,music,
mobile-phone,mobilePhone,ğŸ“±,,,,U+1F4F1,,,electronic,
mobile-phone-alt,mobilePhone.alt,,,,,,,,electronic,
mobile-phone-alt2,mobilePhone.alt2,,,x,,,,,electronic,
pager,pager,ğŸ“Ÿ,,,,U+1F4DF,,,electronic,
battery,battery,ğŸ”‹,x,x,x,U+1F50B,,,electronic,
low-battery,u1FAAB,ğŸª«,,x,,U+1FAAB,,,electronic,
laptop,personalComputer,ğŸ’»,,,,U+1F4BB,,,electronic,
desktop-computer,desktopComputer,ğŸ–¥,x,x,x,U+1F5A5,,,electronic,
keyboard,keyboard,âŒ¨,x,,x,U+2328,,,electronic,
two-button-mouse,twoButtonMouse,ğŸ–°,x,x,,U+1F5B0,,,electronic,
computer-mouse,threeButtonMouse,ğŸ–±,,,,U+1F5B1,,,electronic,
computer-mouse-alt,threeButtonMouse.alt,,,,,,,,electronic,
three-networked-computers,threeNetworkedComputers,ğŸ–§,,,,U+1F5A7,,,electronic,
floppy-disk,floppyDisk,ğŸ’¾,x,x,x,U+1F4BE,,,electronic,
optical-disk,opticalDisc,ğŸ’¿,,,,U+1F4BF,,,electronic,
movie-camera,movieCamera,ğŸ¥,,,,U+1F3A5,,,electronic,
film-frames,filmFrames,ğŸ,,x,,U+1F39E,,,electronic,
clapper-board,clapperBoard,ğŸ¬,,,,U+1F3AC,,,electronic,
television,television,ğŸ“º,x,,,U+1F4FA,,,electronic,
camera,camera,ğŸ“·,,,,U+1F4F7,,,electronic,
money-bag,moneyBag,ğŸ’°,x,x,,U+1F4B0,,,money,
money-bag-cny,moneyBag.cny,,,,,,,,money,
money-bag-eur,moneyBag.eur,,,,,,,,money,
money-bag-frf,moneyBag.frf,,,,,,,,money,
money-bag-gbp,moneyBag.gbp,,,,,,,,money,
money-bag-usd,moneyBag.usd,,,,,,,,money,
envelope,envelope,âœ‰,x,x,x,U+2709,,,office,
love-letter,love,ğŸ’Œ,,,,U+1F48C,,,office,
closed-mailbox-with-raised-flag,closedMailboxRaisedFlag,ğŸ“«,,,,U+1F4EB,,,office,
closed-mailbox-with-lowered-flag,closedMailboxLoweredFlag,ğŸ“ª,,,,U+1F4EA,,,office,
open-mailbox-with-raised-flag,openMailboxRaisedFlag,ğŸ“¬,,,,U+1F4EC,,,office,
open-mailbox-with-lowered-flag,openMailboxLoweredFlag,ğŸ“­,,,,U+1F4ED,,,office,
pencil,pencil,âœ,,x,,U+270F,,,office,
memo,memo,ğŸ“,x,x,x,U+1F4DD,,,office,
address-book,addressBook,,x,x,x,,,,office,
briefcase,briefcase,ğŸ’¼,,x,,U+1F4BC,,,office,
file-folder,fileFolder,ğŸ“,x,x,x,U+1F4C1,,,office,
calendar,calendar,ğŸ“…,,x,,U+1F4C5,,,office,
calendar-alt,calendar.alt,,,,,,,,office,
clipboard,clipboard,ğŸ“‹,x,x,x,U+1F4CB,,,office,
pushpin,pushpin,ğŸ“Œ,x,x,x,U+1F4CC,,,office,
round-pushpin,roundPushpin,ğŸ“,x,x,x,U+1F4CD,,,office,
paperclip,paperclip,ğŸ“,,x,,U+1F4CE,,,office,
straight-ruler,straightRuler,ğŸ“,,,,U+1F4CF,,,office,
triangular-ruler,triangularRuler,ğŸ“,,,,U+1F4D0,,,office,
scissors,blackScissors,âœ‚,x,,,U+2702,,,office,
file-cabinet,fileCabinet,ğŸ—„,,,,U+1F5C4,,,office,
locked,lock,ğŸ”’,x,,x,U+1F512,,,office,
unlocked,openLock,ğŸ”“,x,,x,U+1F513,,,office,
abacus,abacus,ğŸ§®,,,,U+1F9EE,,,office,
closed-book,closedBook,ğŸ“•,x,x,x,U+1F4D5,,,office,
open-book,openBook,ğŸ“–,,x,,U+1F4D6,,,office,
page-with-curl,pageCurl,ğŸ“ƒ,x,x,x,U+1F4C3,,,office,
page-facing-up,pageFacingUp,ğŸ“„,x,x,x,U+1F4C4,,,office,
newspaper,newspaper,ğŸ“°,,,,U+1F4F0,,,office,
label,label,ğŸ·,x,x,x,U+1F3F7,,,office,
magnifying-glass-tilted-left,leftMagnifyingGlass,ğŸ”,x,x,x,U+1F50D,,,office,
magnifying-glass-tilted-right,rightMagnifyingGlass,ğŸ”,x,x,x,U+1F50E,,,office,
candle,candle,ğŸ•¯,,,,U+1F56F,,,office,
light-bulb,electricLightBulb,ğŸ’¡,x,x,x,U+1F4A1,,,office,
hammer,hammer,ğŸ”¨,x,,,U+1F528,,,tool,
axe,axe,ğŸª“,x,,,U+1FA93,,,tool,
dagger,daggerKnife,ğŸ—¡,x,x,,U+1F5E1,,,tool,
water-pistol,pistol,ğŸ”«,x,,,U+1F52B,,,tool,
bow-and-arrow,bowAndArrow,ğŸ¹,,,,U+1F3F9,,,tool,
shield,shield,ğŸ›¡,,,,U+1F6E1,,,tool,
wrench,wrench,ğŸ”§,x,,x,U+1F527,,,tool,
gear,gear,âš™,x,,,U+2699,,,tool,
balance-scale,scales,âš–,,,,U+2696,,,tool,
link,linkSymbol,ğŸ”—,,x,,U+1F517,,,tool,
hook,hook,ğŸª,,,,U+1FA9D,,,tool,
magnet,magnet,ğŸ§²,x,,,U+1F9F2,,,tool,
compass,compass,ğŸ§­,x,x,x,U+1F9ED,,,tool,
test-tube,testTube,ğŸ§ª,x,,,U+1F9EA,,,science,
petri-dish,petriDish,ğŸ§«,,,,U+1F9EB,,,science,
beaker,beaker,,x,,,,,,science,
flask,flask,,x,,,,,,science,
dna,dnaDoubleHelix,ğŸ§¬,,,,U+1F9EC,,,science,
microscope,microscope,ğŸ”¬,,,,U+1F52C,,,science,
satellite-antenna,satelliteAntenna,ğŸ“¡,,,,U+1F4E1,,,science,
gyroscope,gyroscope,,,,,,,,science,
syringe,syringe,ğŸ’‰,,,,U+1F489,,,medical,
drop-of-blood,dropOfBlood,ğŸ©¸,,,,U+1FA78,,,medical,
pill,pill,ğŸ’Š,x,,,U+1F48A,,,medical,
elevator,elevator,ğŸ›—,x,,x,U+1F6D7,,,household,
toilet,toilet,ğŸš½,,,,U+1F6BD,,,household,
basket,basket,ğŸ§º,,,,U+1F9FA,,,household,
bubbles,u1FAE7,ğŸ«§,,,,U+1FAE7,,,household,
shopping-cart,shoppingTrolley,ğŸ›’,,x,,U+1F6D2,,,household,
shopping-bag,shoppingBag,,,,,,,,household,
rostrum,rostrum,,,,,,,,household,
cigarette,smokingSymbol,ğŸš¬,,,,U+1F6AC,,,other,
placard,placard,ğŸª§,,x,,U+1FAA7,,,other,
placard-alt,placard.alt,,,,,,,,other,
torch,torch,,,,,,,,other,
identification-card,u1FAAA,ğŸªª,,x,,U+1FAAA,,,other,
potable-water,potableWaterSymbol,ğŸš°,,,,U+1F6B0,,,other,
restroom,restroom,ğŸš»,x,,x,U+1F6BB,,,sign,
no-entry,noEntrySign,ğŸš«,,,,U+1F6AB,,,sign,
no-smoking,noSmokingSymbol,ğŸš­,,,,U+1F6AD,,,sign,
no-one-under-eighteen,noOneUnderEighteenSymbol,ğŸ”,x,,,U+1F51E,,,sign,
radioactive,radioactive,â˜¢,,x,,U+2622,,,sign,
biohazard,biohazard,â˜£,,,,U+2623,,,sign,
directions,directionsSign,,,,,,,,sign,
entry,entry,,,,,,,,sign,
exit,exit,,,,,,,,sign,
left-hook-arrow,leftHookArrow,â†©,x,x,x,U+21A9,,,arrow,
right-hook-arrow,rightHookArrow,â†ª,x,x,x,U+21AA,,,arrow,
right-arrow-curving-down,rightThenCurvingDownArrow,â¤µï¸,x,x,x,U+2935,,,arrow,
right-arrow-curving-up,rightThenCurvingUpArrow,â¤´ï¸,x,x,x,U+2934,,,arrow,
shuffle-arrows,shuffleArrows,ğŸ”€,x,,,U+1F500,,,arrow,
repeat-arrows,repeatArrow,ğŸ”,x,,,U+1F501,,,arrow,
left-arrow-circled,leftArrow.circled,,x,x,x,,,,arrow,
right-arrow-circled,rightArrow.circled,,x,x,x,,,,arrow,
play-button,rightBlackTriangle,â–¶,x,,,U+25B6,,,symbol,
fast-forward-button,blackRightDoubleTriangle,â©,x,,,U+23E9,,,symbol,
next-track-button,blackRightDoubleTriangleWithVerticalBar,â­,x,,,U+23ED,,,symbol,
play-or-pause-button,blackRightTriangleWithDoubleVerticalBar,â¯,x,,,U+23EF,,,symbol,
fast-reverse-button,blackLeftDoubleTriangle,âª,x,,,U+23EA,,,symbol,
last-track-button,blackLeftDoubleTriangleWithVerticalBar,â®,x,,,U+23EE,,,symbol,
pause-button,doubleVerticalBar,â¸,x,,,U+23F8,,,symbol,
stop-button,blackSquareForStop,â¹,x,,,U+23F9,,,symbol,
record-button,blackCircleForRecord,âº,x,,,U+23FA,,,symbol,
eject-button,ejectsymbol,â,x,,,U+23CF,,,symbol,
antenna-bars,antennaBars,ğŸ“¶,x,,,U+1F4F6,,,symbol,
heavy-dollar-sign,heavyDollarSign,ğŸ’²,,x,,U+1F4B2,,,symbol,
check-mark-button,whiteHeavyCheckMark,âœ…,x,x,x,U+2705,,,symbol,
check-box-with-check,ballotBoxWithCheck,â˜‘,x,x,x,U+2611,,,symbol,
cross-mark-button,blackCrossSquare,â,x,x,x,U+274E,,,symbol,
check-mark-circled,checkmark.circled,,x,x,x,,,,symbol,
radio-button,radioButton,ğŸ”˜,,x,,U+1F518,,,symbol,
heart-white-suit,heartWhiteSuit,â™¡,,x,,U+2661,,,symbol,
heart-black-suit,heartBlackSuit,â™¥,,x,,U+2665,,,symbol,
heart-white-suit-circled,heartWhiteSuit.circled,,x,x,x,,,,symbol,
heart-black-suit-circled,heartBlackSuit.circled,,,x,,,,,symbol,
keycap-number-sign,keycapNumberSign,#ï¸âƒ£,x,x,x,U+23 U+FE0F U+20E3,,,keycap,
keycap-asterisk,keycapAsterisk,*ï¸âƒ£,x,x,x,U+2A U+FE0F U+20E3,,,keycap,
keycap-digit-zero,keycapDigitZero,0ï¸âƒ£,x,x,x,U+30 U+FE0F U+20E3,,,keycap,
keycap-digit-one,keycapDigitOne,1ï¸âƒ£,x,x,x,U+31 U+FE0F U+20E3,,,keycap,
keycap-digit-two,keycapDigitTwo,2ï¸âƒ£,x,x,x,U+32 U+FE0F U+20E3,,,keycap,
keycap-digit-three,keycapDigitThree,3ï¸âƒ£,x,x,x,U+33 U+FE0F U+20E3,,,keycap,
keycap-digit-four,keycapDigitFour,4ï¸âƒ£,x,x,x,U+34 U+FE0F U+20E3,,,keycap,
keycap-digit-five,keycapDigitFive,5ï¸âƒ£,x,x,x,U+35 U+FE0F U+20E3,,,keycap,
keycap-digit-six,keycapDigitSix,6ï¸âƒ£,x,x,x,U+36 U+FE0F U+20E3,,,keycap,
keycap-digit-seven,keycapDigitSeven,7ï¸âƒ£,x,x,x,U+37 U+FE0F U+20E3,,,keycap,
keycap-digit-eight,keycapDigitEight,8ï¸âƒ£,x,x,x,U+38 U+FE0F U+20E3,,,keycap,
keycap-digit-nine,keycapDigitNine,9ï¸âƒ£,x,x,x,U+39 U+FE0F U+20E3,,,keycap,
keycap-ten,keycapTen,ğŸ”Ÿ,x,x,x,U+1F51F,,,keycap,
keycap-eleven,keycapEleven,,x,x,x,,,,keycap,
keycap-command,keycapCommand,,x,x,x,,,,keycap,
keycap-control,keycapControl,,x,x,x,,,,keycap,
keycap-fn,keycapFn,,x,x,x,,,,keycap,
keycap-option,keycapOption,,x,x,x,,,,keycap,
keycap-return,keycapReturn,,x,x,x,,,,keycap,
keycap-shift,keycapShift,,x,x,x,,,,keycap,
keycap-tab,keycapTab,,x,x,x,,,,keycap,
keycap-windows,keycapWindows,,x,x,x,,,,keycap,
command-key,propellor,âŒ˜,,,,U+2318,,,keycap,
option-key,optionKey,âŒ¥,,,,U+2325,,,keycap,
input-latin-capital-letters,inputLatinCapitalLetters,ğŸ” ,x,,,U+1F520,input-latin-uppercase/capital-abcd,å¤§å†™æ‹‰ä¸å­—æ¯/å¤§å†™å­—æ¯,alphanum,
input-latin-lower-letters,inputLatinLowerLetters,ğŸ”¡,x,,,U+1F521,input-latin-lowercase/abcd,å°å†™æ‹‰ä¸å­—æ¯/å°å†™å­—æ¯,alphanum,
input-numbers,inputNumbers,ğŸ”¢,x,,,U+1F522,,,alphanum,
information,informationsource,â„¹,x,x,x,U+2139,,,alphanum,
information-circled,circledInformationSource,ğŸ›ˆ,x,x,x,U+1F6C8,,,alphanum,
cool,Cool.box,ğŸ†’,x,,,U+1F192,cool-button/cool,é…·,alphanum,
ok,Ok.box,ğŸ†—,x,,,U+1F197,ok-button/ok,å¥½,alphanum,
here,ko_ko-kata.box,ğŸˆ,x,,,U+1F201,japanese-here-button/koko,è¿™é‡Œ,alphanum,
secret,secret-han.circled,ãŠ™ï¸,x,,,U+3299,japanese-secret-button,ç§˜,alphanum,
advantage,advantage.circle,ğŸ‰ï¸,x,,,U+1F250,japanese-bargain-button,å¾—,alphanum,
accept,accept.circle,ğŸ‰‘ï¸,x,,,U+1F251,acceptable-button/japanese-acceptable-button,å¯,alphanum,
cao,uni8349.circled,,x,,,,,è‰,alphanum,
cao-alt,uni8279.circled,,x,,,,,è‰¹,alphanum,
free-of-charge,uni7121.box,ğŸˆšï¸,x,,,U+1F21A,japanese-free-of-charge-button,æ— /ç„¡,alphanum,
prohibited,uni7981.box,ğŸˆ²ï¸,x,,,U+1F232,japanese-prohibited-button,ç¦,alphanum,
not-free-of-charge,uni6709.box,ğŸˆ¶ï¸,x,,,U+1F236,japanese-not-free-of-charge-button,æœ‰,alphanum,
he,uni5475.box,,x,,,,,å‘µ,alphanum,
ha,uni54C8.box,,x,,,,,å“ˆ,alphanum,
good,uni597D.box,,x,,,,,å¥½,alphanum,
powerful,uni5F3A.box,,x,,,,,å¼º,alphanum,
advantage-box,uni5F97.box,,x,,,,,å¾—,alphanum,
like,uni8D5E.box,,x,,,,,èµ,alphanum,
circle,circle,â—‹,x,x,x,U+25CB,,,geomerty,
white-square,whitesquare,â–¡,,x,,U+25A1,,,geomerty,
broken-heart,brokenHeart,ğŸ’”,x,,,U+1F494,,,emotion,
hundred-points,hundredPointsSymbol,ğŸ’¯,,,,U+1F4AF,,,emotion,
grass-cao-symbol,grassCaoSymbol,,,,,,,,emotion,
bomb,bomb,ğŸ’£,x,,,U+1F4A3,,,emotion,
speech-balloon,speechBalloon,ğŸ’¬,,x,x,U+1F4AC,,,emotion,
speech-balloon-empty,speechBalloonEmpty,,,x,x,,,,emotion,
speech-balloon-heart,speechBalloonHeart,,,,x,,,,emotion,
speech-balloon-info,speechBalloonInfo,,,,x,,,,emotion,
speech-balloon-question,speechBalloonQuestion,,,,x,,,,emotion,
mahjong-east-wind,eastWind-mahjong,ğŸ€€,,,,U+1F000,,,mahjong,
mahjong-south-wind,southWind-mahjong,ğŸ€,,,,U+1F001,,,mahjong,
mahjong-west-wind,westWind-mahjong,ğŸ€‚,,,,U+1F002,,,mahjong,
mahjong-north-wind,northWind-mahjong,ğŸ€ƒ,,,,U+1F003,,,mahjong,
mahjong-red-dragon,redDragon-mahjong,ğŸ€„,x,,,U+1F004,,,mahjong,
mahjong-green-dragon,greenDragon-mahjong,ğŸ€…,,,,U+1F005,,,mahjong,
mahjong-white-dragon,whiteDragon-mahjong,ğŸ€†,x,,,U+1F006,,,mahjong,
mahjong-one-of-characters,oneOfCharacters-mahjong,ğŸ€‡,,,,U+1F007,,,mahjong,
mahjong-two-of-characters,twoOfCharacters-mahjong,ğŸ€ˆ,,,,U+1F008,,,mahjong,
mahjong-three-of-characters,threeOfCharacters-mahjong,ğŸ€‰,,,,U+1F009,,,mahjong,
mahjong-four-of-characters,fourOfCharacters-mahjong,ğŸ€Š,,,,U+1F00A,,,mahjong,
mahjong-five-of-characters,fiveOfCharacters-mahjong,ğŸ€‹,,,,U+1F00B,,,mahjong,
mahjong-six-of-characters,sixOfCharacters-mahjong,ğŸ€Œ,,,,U+1F00C,,,mahjong,
mahjong-seven-of-characters,sevenOfCharacters-mahjong,ğŸ€,,,,U+1F00D,,,mahjong,
mahjong-eight-of-characters,eightOfCharacters-mahjong,ğŸ€,,,,U+1F00E,,,mahjong,
mahjong-nine-of-characters,nineOfCharacters-mahjong,ğŸ€,,,,U+1F00F,,,mahjong,
mahjong-one-of-bamboos,oneOfBamboos-mahjong,ğŸ€,,,,U+1F010,,,mahjong,
mahjong-one-of-bamboos-alt,oneOfBamboos-mahjong.ss02,,,,,U+1F010,,,mahjong,
mahjong-two-of-bamboos,twoOfBamboos-mahjong,ğŸ€‘,x,,,U+1F011,,,mahjong,
mahjong-three-of-bamboos,threeOfBamboos-mahjong,ğŸ€’,x,,,U+1F012,,,mahjong,
mahjong-four-of-bamboos,fourOfBamboos-mahjong,ğŸ€“,x,,,U+1F013,,,mahjong,
mahjong-five-of-bamboos,fiveOfBamboos-mahjong,ğŸ€”,x,,,U+1F014,,,mahjong,
mahjong-six-of-bamboos,sixOfBamboos-mahjong,ğŸ€•,x,,,U+1F015,,,mahjong,
mahjong-seven-of-bamboos,sevenOfBamboos-mahjong,ğŸ€–,x,,,U+1F016,,,mahjong,
mahjong-eight-of-bamboos,eightOfBamboos-mahjong,ğŸ€—,x,,,U+1F017,,,mahjong,
mahjong-nine-of-bamboos,nineOfBamboos-mahjong,ğŸ€˜,x,,,U+1F018,,,mahjong,
mahjong-one-of-circles,oneOfCircles-mahjong,ğŸ€™,x,,,U+1F019,,,mahjong,
mahjong-two-of-circles,twoOfCircles-mahjong,ğŸ€š,x,,,U+1F01A,,,mahjong,
mahjong-three-of-circles,threeOfCircles-mahjong,ğŸ€›,x,,,U+1F01B,,,mahjong,
mahjong-four-of-circles,fourOfCircles-mahjong,ğŸ€œ,x,,,U+1F01C,,,mahjong,
mahjong-five-of-circles,fiveOfCircles-mahjong,ğŸ€,x,,,U+1F01D,,,mahjong,
mahjong-six-of-circles,sixOfCircles-mahjong,ğŸ€,x,,,U+1F01E,,,mahjong,
mahjong-seven-of-circles,sevenOfCircles-mahjong,ğŸ€Ÿ,x,,,U+1F01F,,,mahjong,
mahjong-eight-of-circles,eightOfCircles-mahjong,ğŸ€ ,x,,,U+1F020,,,mahjong,
mahjong-nine-of-circles,nineOfCircles-mahjong,ğŸ€¡,x,,,U+1F021,,,mahjong,
mahjong-plum,plum-mahjong,ğŸ€¢,,,,U+1F022,,,mahjong,
mahjong-orchid,orchid-mahjong,ğŸ€£,,,,U+1F023,,,mahjong,
mahjong-bamboo,bamboo-mahjong,ğŸ€¤,,,,U+1F024,,,mahjong,
mahjong-chrysanthemum,chrysanthemum-mahjong,ğŸ€¥,,,,U+1F025,,,mahjong,
mahjong-spring,spring-mahjong,ğŸ€¦,,,,U+1F026,,,mahjong,
mahjong-summer,summer-mahjong,ğŸ€§,,,,U+1F027,,,mahjong,
mahjong-autumn,autumn-mahjong,ğŸ€¨,,,,U+1F028,,,mahjong,
mahjong-winter,winter-mahjong,ğŸ€©,,,,U+1F029,,,mahjong,
mahjong-joker,joker-mahjong,ğŸ€ª,,,,U+1F02A,,,mahjong,
mahjong-back,back-mahjong,ğŸ€«,x,,,U+1F02B,,,mahjong,
brand-adobe-after-effects,adobeAfterEffects,,x,,,,,,brand,
brand-adobe-animate,adobeAnimate,,x,,,,,,brand,
brand-adobe-audition,adobeAudition,,x,,,,,,brand,
brand-adobe-illustrator,adobeIllustrator,,x,,,,,,brand,
brand-adobe-indesign,adobeInDesign,,x,,,,,,brand,
brand-adobe-photoshop,adobePhotoshop,,x,,,,,,brand,
brand-adobe-premiere,adobePremiere,,x,,,,,,brand,
brand-alipay,alipay,,x,x,x,,,,brand,
brand-android,android,,,,,,,,brand,
brand-apple,apple,,x,x,x,U+F8FF,,,brand,
brand-pear,pearLogo,,x,x,x,,,,brand,
brand-anyway-fm,anywayFm,,,,,,,,brand,
brand-app-store,appStore,,x,,,,,,brand,
brand-atom,atom,,,,,,,,brand,
brand-bilibili,bilibili,,,x,,,,,brand,
brand-bo-blog,boBlog,,,,,,,,brand,
brand-buddy,buddy,,,,,,,,brand,
brand-facebook,facebook,,,x,,,,,brand,
brand-facebook-alt,facebook.alt,,,x,,,,,brand,
brand-figma,figma,,,,,,,,brand,
brand-finder,finder,,,x,,,,,brand,
brand-github,github,,,x,,,,,brand,
brand-glyphs,glyphs,,x,,,,,,brand,
brand-instagram,instagram,,,x,,,,,brand,
brand-netease-music,neteaseMusic,,,x,,,,,brand,
brand-switch,nintendoSwitch,,,,,,,,brand,
brand-notion,notion,,,,,,,,brand,
brand-paypal,paypal,,,,,,,,brand,
brand-playstation,playstation,,,,,,,,brand,
brand-podcast,podcast,,,x,,,,,brand,
brand-qq,qq,,x,,,,,,brand,
brand-sina-weibo,sinaWeibo,,,x,,,,,brand,
brand-steam,steam,,,,,,,,brand,
brand-telegram,telegram,,,,,,,,brand,
brand-telegram-alt,telegram.alt,,,x,,,,,brand,
brand-tiktok,tiktok,,,x,,,,,brand,
brand-twitter,twitter,,,x,,,,,brand,
brand-twitter-x,twitter.alt,,,x,,,,,brand,
brand-unicode,unicode,,,x,,,,,brand,
brand-unsplash,unsplash,,x,,,,,,brand,
brand-wechat,wechat,,x,x,x,,,,brand,
brand-wechat-moments,wechatMoments,,,x,,,,,brand,
brand-whats-app,whatsApp,,,,,,,,brand,
brand-windows,windows,,,x,,,,,brand,
brand-windows-alt,windows.alt,,,,,,,,brand,
brand-windows-alt2,windows.alt2,,,,,,,,brand,
brand-windows-alt3,windows.alt3,,,,,,,,brand,
brand-xiaohongshu,xiaohongshu,,,,,,,,brand,
brand-xiaoyuzhou,xiaoyuzhou,,,,,,,,brand,
brand-zhubai,zhubai,,,,,,,,brand,
file-graphics,fileGraphics,,x,,x,,,,file,
file-vector,fileVector,,x,,x,,,,file,
file-text,fileFont,,x,,x,,,,file,
file-otf,fileOtf,,x,,x,,,,file,
file-ttf,fileTtf,,x,,x,,,,file,
file-woff,fileWoff,,x,,x,,,,file,
file-woff2,fileWoff2,,x,,x,,,,file,
language-cyrillic,languageCyrillic,,x,x,x,,,,language,
language-greek,languageGreek,,x,x,x,,,,language,
language-han,languageHan,,x,x,x,,,,language,
language-hangul,languageHangul,,x,x,x,,,,language,
language-hebrew,languageHebrew,,x,x,x,,,,language,
language-hira,languageHira,,x,x,x,,,,language,
language-latin,languageLatin,,x,x,x,,,,language,
language-thai,languageThai,,x,x,x,,,,language,
translate-arabic-latin,translateArabicLatin,,,,,,,,translate,
translate-cyrillic-latin,translateCyrillicLatin,,,,,,,,translate,
translate-greek-latin,translateGreekLatin,,,,,,,,translate,
translate-han-latin,translateHanLatin,,,,,,,,translate,
translate-hangul-latin,translateHangulLatin,,,,,,,,translate,
translate-hebrew-latin,translateHebrewLatin,,,,,,,,translate,
translate-hira-latin,translateHiraLatin,,,,,,,,translate,
translate-thai-latin,translateThaiLatin,,,,,,,,translate,
translate-latin-han,translateLatinHan,,,,,,,,translate,
otfeature-acps,otfeatureAcps,,,,x,,,,opentype,
otfeature-c2sc,otfeatureC2sc,,,,x,,,,opentype,
otfeature-calt,otfeatureCalt,,,,x,,,,opentype,
otfeature-ccmp,otfeatureCcmp,,,,x,,,,opentype,
otfeature-dlig,otfeatureDlig,,,,x,,,,opentype,
otfeature-frac,otfeatureFrac,,,,x,,,,opentype,
otfeature-fwid,otfeatureFwid,,,,x,,,,opentype,
otfeature-hrzt,otfeatureHrzt,,,,x,,,,opentype,
otfeature-hwid,otfeatureHwid,,,,x,,,,opentype,
otfeature-liga,otfeatureLiga,,,,x,,,,opentype,
otfeature-onum,otfeatureOnum,,,,x,,,,opentype,
otfeature-ordn,otfeatureOrdn,,,,x,,,,opentype,
otfeature-smcp,otfeatureSmcp,,,,x,,,,opentype,
otfeature-ss01,otfeatureSs01,,,,x,,,,opentype,
otfeature-ss02,otfeatureSs02,,,,x,,,,opentype,
otfeature-ss03,otfeatureSs03,,,,x,,,,opentype,
otfeature-subs,otfeatureSubs,,,,x,,,,opentype,
otfeature-sups,otfeatureSups,,,,x,,,,opentype,
otfeature-vert,otfeatureVert,,,,x,,,,opentype,
otfeature-zero,otfeatureZero,,,,x,,,,opentype,
orthogon-7x7,orthogon7x7,,,,,,,,typography,
orthogon-7x9,orthogon7x9,,,,,,,,typography,
orthogon-9x7,orthogon9x7,,,,,,,,typography,
orthogon-9x9,orthogon9x9,,,,,,,,typography,
monospaced,monospaced,,,,,,,,typography,
parallelogram,parallelogram,,,,,,,,typography,
line-gap,lineGap,,,x,,,,,typography,
line-height,lineHeight,,,x,,,,,typography,
adjustments,adjustments,,x,,,,,,ui,
annotation,annotation,,,,,,,,ui,
app-notifacation,appNotifacation,,,x,,,,,ui,
arrows-maximize,arrowsMaximize,,,,,,,,ui,
arrows-minimize,arrowsMinimize,,,,,,,,ui,
bezier,bezier,,,x,,,,,ui,
bigger,bigger,,,x,,,,,ui,
smaller,smaller,,,x,,,,,ui,
code,code,,x,x,,,,,ui,
contrast,contrast,,x,x,x,,,,ui,
copies,copies,,x,x,x,,,,ui,
cube,cube,,,x,,,,,ui,
cursor-arrow,cursorArrow,,x,x,x,,,,ui,
cursor-text,cursorText,,,x,,,,,ui,
device-rotate,deviceRotate,,,,,,,,ui,
display-dot-matrix,displayDotMatrix,,,x,,,,,ui,
download,download,,,x,,,,,ui,
duplicate,duplicate,,x,x,x,,,,ui,
filter,filter,,,x,,,,,ui,
grid,grid,,,x,,,,,ui,
grid-disabled,gridDisabled,,,,,,,,ui,
grid-enabled,gridEnabled,,,,,,,,ui,
hashtag,hashtag,,,x,,,,,ui,
invert,invert,,,x,,,,,ui,
location-pin,locationPin,,x,x,x,,,,ui,
menu,menu,,,x,,,,,ui,
diagonal-cross,diagonalCross,,,x,,,,,ui,
mic,mic,,,x,,,,,ui,
mic-mv51,micMv51,,,,,,,,ui,
page-graphics,pageGraphics,,x,,x,,,,ui,
revert,revert,,,,,,,,ui,
ruler-right-angle,rulerRightAngle,,,,,,,,ui,
scan,scan,,,x,,,,,ui,
share,share,,,,,,,,ui,
size-emoji,sizeEmoji,,,x,,,,,ui,
size-text,sizeText,,x,x,x,,,,ui,
text-edit,textEdit,,,x,,,,,ui,
view-grid,viewGrid,,,x,,,,,ui,
view-grid-alt,viewGrid.alt,,,,,,,,ui,
view-list,viewList,,,x,,,,,ui,
webcam,webcam,,,x,,,,,ui,
window-browser,windowBrowser,,,x,,,,,ui,
wireless,wireless,,x,x,,,,,ui,
zoom-in,zoomIn,,x,x,x,,,,ui,
zoom-out,zoomOut,,x,x,x,,,,ui,
,ARegion,ğŸ‡¦,,,,U+1F1E6,,,flag,
,BRegion,ğŸ‡§,,,,U+1F1E7,,,flag,
,CRegion,ğŸ‡¨,,,,U+1F1E8,,,flag,
,DRegion,ğŸ‡©,,,,U+1F1E9,,,flag,
,ERegion,ğŸ‡ª,,,,U+1F1EA,,,flag,
,FRegion,ğŸ‡«,,,,U+1F1EB,,,flag,
,GRegion,ğŸ‡¬,,,,U+1F1EC,,,flag,
,HRegion,ğŸ‡­,,,,U+1F1ED,,,flag,
,IRegion,ğŸ‡®,,,,U+1F1EE,,,flag,
,JRegion,ğŸ‡¯,,,,U+1F1EF,,,flag,
,KRegion,ğŸ‡°,,,,U+1F1F0,,,flag,
,LRegion,ğŸ‡±,,,,U+1F1F1,,,flag,
,MRegion,ğŸ‡²,,,,U+1F1F2,,,flag,
,NRegion,ğŸ‡³,,,,U+1F1F3,,,flag,
,ORegion,ğŸ‡´,,,,U+1F1F4,,,flag,
,PRegion,ğŸ‡µ,,,,U+1F1F5,,,flag,
,QRegion,ğŸ‡¶,,,,U+1F1F6,,,flag,
,RRegion,ğŸ‡·,,,,U+1F1F7,,,flag,
,SRegion,ğŸ‡¸,,,,U+1F1F8,,,flag,
,TRegion,ğŸ‡¹,,,,U+1F1F9,,,flag,
,URegion,ğŸ‡º,,,,U+1F1FA,,,flag,
,VRegion,ğŸ‡»,,,,U+1F1FB,,,flag,
,WRegion,ğŸ‡¼,,,,U+1F1FC,,,flag,
,XRegion,ğŸ‡½,,,,U+1F1FD,,,flag,
,YRegion,ğŸ‡¾,,,,U+1F1FE,,,flag,
,ZRegion,ğŸ‡¿,,,,U+1F1FF,,,flag,
,ChinaFlag,ğŸ‡¨ğŸ‡³,,,,U+1F1E8 U+1F1F3,,,flag,
,UnitedKingdomFlag,ğŸ‡¬ğŸ‡§,,,,U+1F1EC U+1F1E7,,,flag,
,JapanFlag,ğŸ‡¯ğŸ‡µ,,,,U+1F1EF U+1F1F5,,,flag,
,SouthKoreaFlag,ğŸ‡°ğŸ‡·,,,,U+1F1F0 U+1F1F7,,,flag,
,MalaysiaFlag,ğŸ‡²ğŸ‡¾,,,,U+1F1F2 U+1F1FE,,,flag,
,SingaporeFlag,ğŸ‡¸ğŸ‡¬,,,,U+1F1F8 U+1F1EC,,,flag,
,ThailandFlag,ğŸ‡¹ğŸ‡­,,,,U+1F1F9 U+1F1ED,,,flag,
,UnitedStatesFlag,ğŸ‡ºğŸ‡¸,,,,U+1F1FA U+1F1F8,,,flag,
,VietnamFlag,ğŸ‡»ğŸ‡³,,,,U+1F1FB U+1F1F3,,,flag,